"","id","last_name","first_name","age","amount","visits","decision"
"1","AA31910","Lindsley","Sarah","38","213.64","13","Did not Subscribed"
"2","AA30630","al-Hoque","Kathryn","48","57.33","8","Did not Subscribed"
"3","AA00822","Story","Karen","45","160.5","15","Did not Subscribed"
"4","AA04863","Guerrero-Barriga","Melissa","49","214.31","7","Did not Subscribed"
"5","AA22906","Fang","Stefan","31","317.92","9","Did not Subscribed"
"6","AA04242","Raines","Austin","43","237.76","17","Did not Subscribed"
"7","AA18664","Schwerdt","Daifallah","45","281.51","17","Did not Subscribed"
"8","AA01923","Arrates","Angela","51","43.59","16","Did not Subscribed"
"9","AA02815","Fox","Skylinn","46","184.22","12","Did not Subscribed"
"10","AA30205","Le","Nicolas","47","255.5","9","Did not Subscribed"
"11","AA01786","Valadez","Jamie","51","114.77","13","Did not Subscribed"
"12","AA23035","Shaffer","Courtney","53","146.73","5","Did not Subscribed"
"13","AA15270","Salazar","Ian","42","188.54","11","Did not Subscribed"
"14","AA14492","Wang","Sullivan","60","171.83","12","Did not Subscribed"
"15","AA17715","Walisundara","James","41","48.26","13","Did not Subscribed"
"16","AA31833","Coffman","Marjaana","56","77.29","12","Did not Subscribed"
"17","AA21179","al-Firman","Daniela","59","165.08","10","Did not Subscribed"
"18","AA00921","Gonzalez","Arwa","52","201.52","6","Did not Subscribed"
"19","AA13308","Ruiz","Jessica","38","174.8","1","Did not Subscribed"
"20","AA03114","Valencia","Leonard","40","162.47","13","Did not Subscribed"
"21","AA01763","al-Tabatabai","Dominic","47","216.87","12","Did not Subscribed"
"22","AA00575","Schaiterer","Roman","48","122.76","2","Did not Subscribed"
"23","AA02948","Maclagan","Hikma","42","137.26","5","Did not Subscribed"
"24","AA28551","Tafoya","Jessie","46","149.19","8","Did not Subscribed"
"25","AA15173","Nakata","Kapri","41","94.93","13","Did not Subscribed"
"26","AA14518","Summers","Zvi","54","225.62","20","Did not Subscribed"
"27","AA22939","Paglinawan","Tanisha","58","217.24","13","Did not Subscribed"
"28","AA15752","Romero","Orel","45","153.61","4","Did not Subscribed"
"29","AA26993","Carrasco","Danny","42","206.11","5","Did not Subscribed"
"30","AA29933","al-Hosseini","Sean","35","144.73","10","Did not Subscribed"
"31","AA22578","Kinlicheene","Zane","35","143.05","10","Did not Subscribed"
"32","AA15226","Hull","Malaki","43","222.54","8","Did not Subscribed"
"33","AA00075","Garduno","Guillermo","64","275.55","11","Did not Subscribed"
"34","AA09084","Wheeler","Abdul Waahid","64","168.6","7","Did not Subscribed"
"35","AA03630","Wang","Shyvaughn","42","209.07","16","Did not Subscribed"
"36","AA31168","James","Savannah","60","220.31","11","Did not Subscribed"
"37","AA13722","Bruno","Christian","53","101.18","8","Did not Subscribed"
"38","AA33508","Brown","Adam","45","177.38","10","Did not Subscribed"
"39","AA16529","Farmer","Enrique","59","179.71","12","Did not Subscribed"
"40","AA27945","Oelkers","Mikel","53","200.63","21","Did not Subscribed"
"41","AA03307","Clough","Deanna","51","185.14","8","Did not Subscribed"
"42","AA19707","Candelaria","Dong","58","125.97","3","Did not Subscribed"
"43","AA00562","el-Siddiqi","Terrell","30","148.71","10","Did not Subscribed"
"44","AA23357","Tucker","Jarrett","39","123.88","4","Did not Subscribed"
"45","AA25158","Romero","Jasmine","58","117.97","6","Did not Subscribed"
"46","AA29396","Natividad","Ae","42","134.7","7","Did not Subscribed"
"47","AA15688","Castro","Zazu","45","171.15","13","Did not Subscribed"
"48","AA29869","Tugwell","Mahaa","30","169.93","14","Did not Subscribed"
"49","AA33836","al-Amiri","Seth","37","172.02","6","Did not Subscribed"
"50","AA05822","Yuan","Alexandria","43","86.41","2","Did not Subscribed"
"51","AA29711","Geras","Connor","54","231.84","16","Did not Subscribed"
"52","AA03106","Nagaya Lopez","Victoria","46","233.96","6","Did not Subscribed"
"53","AA12792","Moore","Kaitlyn","62","185.73","5","Did not Subscribed"
"54","AA18646","el-Halaby","Alexander","53","259.3","12","Did not Subscribed"
"55","AA24558","Halaseh","Ariel","47","214.88","9","Did not Subscribed"
"56","AA24840","al-Yusuf","Isamar","51","136.52","1","Did not Subscribed"
"57","AA25491","Smallwood Parhan","Giselle","46","211.31","2","Did not Subscribed"
"58","AA20928","el-Samad","Aimee","41","107.06","9","Did not Subscribed"
"59","AA32261","Sur","Soo","52","177.51","5","Did not Subscribed"
"60","AA01541","Edler","Taajuddeen","50","199.23","22","Did not Subscribed"
"61","AA24473","Williams","Noel","58","176.01","2","Did not Subscribed"
"62","AA27379","Yoo","Dillon","52","168.69","5","Did not Subscribed"
"63","AA31272","Martin","Tyler","56","261.05","8","Did not Subscribed"
"64","AA16083","Clayton","Connie","65","173.86","14","Did not Subscribed"
"65","AA03615","Bancroft","Jonathan","54","231.97","15","Did not Subscribed"
"66","AA30222","Vigil","Manuel","40","234.49","21","Did not Subscribed"
"67","AA02902","Spruill","Sara","37","177.06","11","Did not Subscribed"
"68","AA20631","al-Qadir","Charles","50","95.62","8","Did not Subscribed"
"69","AA27823","Berentson-Scott","Nicole","51","122","6","Did not Subscribed"
"70","AA06005","Sung","Demichael","40","179.89","14","Did not Subscribed"
"71","AA34739","Shilling","Sheneice","47","137.7","5","Did not Subscribed"
"72","AA09621","Herman","Charya","59","203.6","6","Did not Subscribed"
"73","AA23798","Frazier","Jordan","56","58.99","15","Did not Subscribed"
"74","AA25961","Shareef","Eric","60","179.7","11","Did not Subscribed"
"75","AA06482","Santana Perez","Etta","51","243.3","9","Did not Subscribed"
"76","AA12448","Black","Saara","41","148.88","10","Did not Subscribed"
"77","AA06727","Ayers","Thu","30","144.28","15","Did not Subscribed"
"78","AA21366","Gribble","Ariel","46","180.8","9","Did not Subscribed"
"79","AA30091","Marin Rodriguez","Hamid","43","284.46","15","Did not Subscribed"
"80","AA25417","Kearns","Tharwa","44","135.97","7","Did not Subscribed"
"81","AA11199","Martinez","Brendan","50","148.17","4","Did not Subscribed"
"82","AA21904","Calderon","Krysten","44","153.84","9","Did not Subscribed"
"83","AA10257","Garcia","Berea","52","138.26","8","Did not Subscribed"
"84","AA16602","Tran","Neeshaan","51","152.85","15","Did not Subscribed"
"85","AA26801","Herrera Lobatos","Rhianna","37","220.76","20","Did not Subscribed"
"86","AA09275","Oswalt-Naasz","Xitlale","58","209.64","10","Did not Subscribed"
"87","AA18428","Martell","Sabrina","53","5.87","9","Did not Subscribed"
"88","AA14339","Um","Jaylin","56","127.44","7","Did not Subscribed"
"89","AA10282","Lu","Teesa","33","163.16","10","Did not Subscribed"
"90","AA26962","Zhang","Casstagia","53","157.67","3","Did not Subscribed"
"91","AA28681","al-Sattar","Brianna","40","182.85","6","Did not Subscribed"
"92","AA19813","el-Saleh","Musaaid","36","133.53","19","Did not Subscribed"
"93","AA31775","Doles","Kinaana","36","115.6","4","Did not Subscribed"
"94","AA33036","Omar","Tommy","53","257.7","11","Did not Subscribed"
"95","AA27465","Sensenbaugh","Angelica","43","71.1","3","Did not Subscribed"
"96","AA24026","Whaley","Rocky","42","117.7","13","Did not Subscribed"
"97","AA31109","Geddie","Alejandre","39","245.41","15","Did not Subscribed"
"98","AA04917","Palmer","Tyler","46","149.24","1","Did not Subscribed"
"99","AA29270","Key","Tiffanie","41","127.92","4","Did not Subscribed"
"100","AA19065","el-Allam","Mu'taz","47","246.85","11","Did not Subscribed"
"101","AA26101","Fields","Amanda","44","132.23","2","Did not Subscribed"
"102","AA15774","Jamnik","Tyler","56","114.11","13","Did not Subscribed"
"103","AA22618","Xiong","Paul","42","192.75","7","Did not Subscribed"
"104","AA01080","Andrade","Jonni Lynn","54","73.57","14","Did not Subscribed"
"105","AA20014","el-Salaam","Chelsea","35","236.34","4","Did not Subscribed"
"106","AA04778","Kang","Alondra","42","202.88","8","Did not Subscribed"
"107","AA25366","Duran","Eduardo","55","103.46","8","Did not Subscribed"
"108","AA19133","Dinh","Arturo","50","158.12","19","Did not Subscribed"
"109","AA15827","Sayers","Margaret","55","208.74","11","Did not Subscribed"
"110","AA34616","al-Amin","Cody","55","76.82","8","Did not Subscribed"
"111","AA12636","Alley","Joshua","44","137.09","14","Did not Subscribed"
"112","AA32179","Stepanich","Kyle","58","182.49","10","Did not Subscribed"
"113","AA31899","Lange","Fawqiyya","50","217.33","16","Did not Subscribed"
"114","AA25127","Jordan","Kathleen","55","209.14","16","Did not Subscribed"
"115","AA26934","Tsegay","Julia Isabel","41","221.61","13","Did not Subscribed"
"116","AA23663","el-Hosseini","Lia","44","163.04","10","Did not Subscribed"
"117","AA19373","Rambo","Brackin","52","81.54","13","Did not Subscribed"
"118","AA34155","Mengel","Sara","54","185","10","Did not Subscribed"
"119","AA18556","el-Rauf","Joshua","47","178.53","17","Did not Subscribed"
"120","0","0","0","0","0","0","Subscribed"
"121","0","0","0","0","0","0","Subscribed"
"122","0","0","0","0","0","0","Subscribed"
"123","0","0","0","0","0","0","Subscribed"
"124","0","0","0","0","0","0","Subscribed"
"125","AA10823","Sanchez","Xavier","52","132.52","13","Did not Subscribed"
"126","AA05700","De La Cruz","John","37","92.82","12","Did not Subscribed"
"127","AA23014","Thurman","Nantapop","50","182.99","7","Did not Subscribed"
"128","AA26643","Vigil","Zhjade","51","212.79","20","Did not Subscribed"
"129","AA32132","Nevarez","Samantha","48","233.92","10","Did not Subscribed"
"130","AA19835","Comer-Lang","Emnet","44","152.39","17","Did not Subscribed"
"131","AA21840","al-Haque","Abeer","37","163.38","12","Did not Subscribed"
"132","AA31391","Levier","Omar","52","138.51","11","Did not Subscribed"
"133","AA22315","Bradford","Erika","42","175.22","9","Did not Subscribed"
"134","AA29465","Ross","Munisa","60","132.59","13","Did not Subscribed"
"135","AA04864","Schweiss","Nancy","46","175.65","11","Did not Subscribed"
"136","AA22235","Carroll","Michael","45","242.31","18","Did not Subscribed"
"137","AA12835","Bowman","Razeena","52","235.91","14","Did not Subscribed"
"138","AA01073","Leverette","Morgan","47","209.16","10","Did not Subscribed"
"139","AA21214","Huerta-Velazco","Philip","27","222.3","11","Did not Subscribed"
"140","AA31649","Antwine","Mason","40","243.42","16","Did not Subscribed"
"141","AA32441","Lira","Steven","60","76.07","2","Did not Subscribed"
"142","AA04832","el-Abdalla","Ulysses","32","119.98","13","Did not Subscribed"
"143","AA15727","Hollis","Dalton","51","70.71","14","Did not Subscribed"
"144","AA27402","el-Rasheed","Allyssia","52","287.07","15","Did not Subscribed"
"145","AA15818","Robinson","Jaarallah","51","166.96","4","Did not Subscribed"
"146","AA06998","el-Kassem","Maggie","48","113.03","17","Did not Subscribed"
"147","AA34299","Castro","Lucas","44","131.02","10","Did not Subscribed"
"148","AA02638","Ditirro-Feiten","Nicole","45","152.67","10","Did not Subscribed"
"149","AA26906","Ranck","Sparkle","49","168.97","13","Did not Subscribed"
"150","AA02556","Oliver","Jakob","44","235.54","10","Did not Subscribed"
"151","AA32554","Yballa","Pedro","54","236.73","7","Did not Subscribed"
"152","AA11013","Mahamud","Wisaam","47","78.86","5","Did not Subscribed"
"153","AA15783","Carmin","Myranda","48","16.93","7","Did not Subscribed"
"154","AA01141","Kirsch","Lewis","44","127.77","9","Did not Subscribed"
"155","AA15549","Cordova","George","61","167.28","17","Did not Subscribed"
"156","AA18275","Holby","Vincent","44","249.67","10","Did not Subscribed"
"157","AA16731","Aghi","Johnathon","36","162.33","7","Did not Subscribed"
"158","AA27450","Welker","Zachary","49","256.91","16","Did not Subscribed"
"159","AA24017","Smith","Dana","43","221.87","7","Did not Subscribed"
"160","AA14860","Dolkar","Shaylene","48","168.26","20","Did not Subscribed"
"161","AA02737","Ehrman","Shiema","44","129.37","9","Did not Subscribed"
"162","AA21728","Rodenburg","Colton","41","220.1","2","Did not Subscribed"
"163","AA21583","Douglas","Calvin","30","50.05","13","Did not Subscribed"
"164","AA21326","Sterling","Brent","42","168.7","7","Did not Subscribed"
"165","AA27500","Farrell","Anmol","37","20.76","10","Did not Subscribed"
"166","AA29020","el-Zadeh","Awn","38","235.39","10","Did not Subscribed"
"167","AA30497","Rodriguez","Elijah","57","165.25","8","Did not Subscribed"
"168","AA08807","Bustamante-Harrison","Hanlala","50","201.4","10","Did not Subscribed"
"169","AA15643","Mcgoveran","Chue Fue","35","81.54","12","Did not Subscribed"
"170","AA11100","Davis","Maajida","39","146.93","4","Did not Subscribed"
"171","AA29002","Lucero","Kaarim","36","62.44","11","Did not Subscribed"
"172","AA01423","Maes","Juan","43","243.98","13","Did not Subscribed"
"173","AA09025","Weber","Tianna","32","132","2","Did not Subscribed"
"174","AA26586","Austin","Muaaid","59","148.37","7","Did not Subscribed"
"175","AA09957","Yandell","Marley","42","152.97","7","Did not Subscribed"
"176","AA26981","al-Nasr","Rafeeda","59","80.91","1","Did not Subscribed"
"177","AA08285","Park","Azim","49","203.36","19","Did not Subscribed"
"178","AA02223","Carter","Nataya","57","116.81","9","Did not Subscribed"
"179","AA33718","Frothingham","Javon","47","162.5","6","Did not Subscribed"
"180","AA13536","Freeman","Jose","47","202.41","11","Did not Subscribed"
"181","AA30170","Balogh","Brianna","51","216.27","8","Did not Subscribed"
"182","AA33032","Watson","Bret","49","250.44","12","Did not Subscribed"
"183","AA18705","Bishop","Alecia","47","176.24","5","Did not Subscribed"
"184","AA28933","al-Suleiman","Dominic","48","186.48","10","Did not Subscribed"
"185","AA21047","Gardner","Darius","53","236.89","11","Did not Subscribed"
"186","AA14793","al-Bilal","Kyler","51","145.5","6","Did not Subscribed"
"187","AA21503","Hammond","Duane","50","185.41","12","Did not Subscribed"
"188","AA16179","Archuleta","Abbey","25","183.35","11","Did not Subscribed"
"189","AA26800","Medrano","Amaani","48","175.66","13","Did not Subscribed"
"190","AA08671","el-Mussa","Fermin","58","84.44","6","Did not Subscribed"
"191","AA24207","Sandoval","Alex","57","26.63","7","Did not Subscribed"
"192","AA26475","Mcintosh","Alexander","44","191.93","16","Did not Subscribed"
"193","AA07070","Holmes","Alysia","36","174.41","14","Did not Subscribed"
"194","AA30669","Horton","Samuel","51","180.96","4","Did not Subscribed"
"195","AA28104","Corbett","Maranda","41","171.42","10","Did not Subscribed"
"196","AA07113","Wood","Shadara","49","251.76","6","Did not Subscribed"
"197","AA21872","Hazard","Robert","36","248.09","14","Did not Subscribed"
"198","AA27143","Truong","Chinguun","47","92.28","14","Did not Subscribed"
"199","AA07555","Whitney","Lane","45","200.02","8","Did not Subscribed"
"200","AA34756","el-Tamer","Robaldo","37","219.75","14","Did not Subscribed"
"201","AA12283","Moore","Braxton","58","111.12","10","Did not Subscribed"
"202","AA13300","French","Kaylee","60","149.48","6","Did not Subscribed"
"203","AA32052","Ngo","Nina","42","73.99","19","Did not Subscribed"
"204","AA13021","Mc Carty","Christian","31","171.67","9","Did not Subscribed"
"205","AA16600","el-Ayoub","Adam","52","87.17","6","Did not Subscribed"
"206","AA17436","Loveall","Emily","46","209.86","10","Did not Subscribed"
"207","AA27262","Hinds","Haleema","39","190.98","3","Did not Subscribed"
"208","AA03239","al-Sultana","Kaleem","49","279","13","Did not Subscribed"
"209","AA06729","al-Jaber","Shukriyya","50","133.61","4","Did not Subscribed"
"210","AA19571","Jumbo","C'Eaundra","34","80.13","11","Did not Subscribed"
"211","AA28542","Kim","Misbaah","64","189.38","9","Did not Subscribed"
"212","AA19287","Thompson","Brian","45","173.38","6","Did not Subscribed"
"213","AA33655","al-Uddin","Nawaar","56","257.71","12","Did not Subscribed"
"214","AA28642","Shuman","Afeef","59","86.59","22","Did not Subscribed"
"215","AA19057","el-Ozer","Ashqar","60","97.1","7","Did not Subscribed"
"216","AA04829","Howard","Malca","34","257.82","11","Did not Subscribed"
"217","AA18092","Van Bueren","Alec","51","272.8","6","Did not Subscribed"
"218","AA16773","Simon","Michael","63","179.58","16","Did not Subscribed"
"219","AA07805","al-Dawood","Pamela","54","95.43","12","Did not Subscribed"
"220","AA13883","Coleman","Danielle","59","185.63","10","Did not Subscribed"
"221","AA19174","el-Hoda","Jared","51","176.94","8","Did not Subscribed"
"222","AA33465","Hernandez","James","34","84.4","16","Did not Subscribed"
"223","AA03706","Robinson","Nawf","55","89.59","16","Did not Subscribed"
"224","AA05495","el-Sheikh","Dakota","45","172.01","18","Did not Subscribed"
"225","AA25031","Squibbs","Shauna","48","274.45","16","Did not Subscribed"
"226","AA26340","al-Mahmoud","D Arius","60","244.28","4","Did not Subscribed"
"227","AA23005","Majalca","Aaren-Matthew","42","138.38","8","Did not Subscribed"
"228","AA31657","Yohe-Ironwing","Awn","53","275.73","16","Did not Subscribed"
"229","AA33109","Hooper","Marissa","50","193.5","9","Did not Subscribed"
"230","AA19029","Brown","Sherry","54","132.53","9","Did not Subscribed"
"231","AA18785","Jewell","Andrea","50","101.89","8","Did not Subscribed"
"232","AA12996","Padilla","Zaid","54","66.11","13","Did not Subscribed"
"233","AA05628","Cope","Steven","34","140.55","7","Did not Subscribed"
"234","AA29639","el-Imam","Matthew","48","295.61","3","Did not Subscribed"
"235","AA34896","Robles","Jaimie","55","189.19","7","Did not Subscribed"
"236","AA31286","al-Abdul","Martina","55","257.25","8","Did not Subscribed"
"237","AA34571","Jacket","Bryan","38","160.95","12","Did not Subscribed"
"238","AA18986","Smith","Kailyn","55","208.8","8","Did not Subscribed"
"239","AA09705","Campbell","Alexandria","71","122.75","7","Did not Subscribed"
"240","AA25798","al-Tariq","Quiana","47","242.77","14","Did not Subscribed"
"241","AA22500","Ulery","Muaaid","45","172.94","13","Did not Subscribed"
"242","AA27436","Montanez","Seung","49","202.96","4","Did not Subscribed"
"243","AA33105","Williams","Joshua","48","197.61","10","Did not Subscribed"
"244","AA01872","Pettis","Andrew","51","192.22","5","Did not Subscribed"
"245","AA15137","Gutierrez Renteria","Jorge","38","175.67","10","Did not Subscribed"
"246","AA08289","al-Jama","Nakiya","66","193.15","15","Did not Subscribed"
"247","AA07921","Moore","Aurora","40","157.23","16","Did not Subscribed"
"248","AA25585","Tarin","Azhaar","32","227.13","13","Did not Subscribed"
"249","AA16159","Millard","Saafiyya","60","92.01","4","Did not Subscribed"
"250","AA09312","Guerrero-Argumedo","Taylor","38","147.91","14","Did not Subscribed"
"251","AA17385","Trevino","Kaila","41","212.96","12","Did not Subscribed"
"252","AA17150","el-Adel","John","49","135.75","16","Did not Subscribed"
"253","AA08425","Li","Mariah","33","233.11","16","Subscribed"
"254","AA15790","el-Sawaya","Amber","50","198.34","14","Subscribed"
"255","AA02022","Tyson","Tallulah","51","253.35","22","Subscribed"
"256","AA02283","Hall","Cam Tu","38","183.03","8","Subscribed"
"257","AA33522","Brannon","Paul","48","216.24","11","Subscribed"
"258","AA08041","Beightel","Elizabeth","43","82.74","12","Subscribed"
"259","AA33137","al-Satter","Walter","48","261.29","5","Subscribed"
"260","AA18458","Jones","Zachary","31","147.07","14","Subscribed"
"261","AA03667","Sima","Duke","35","168.54","15","Subscribed"
"262","AA24584","Vongrith","Shawna","62","176.33","9","Subscribed"
"263","AA33311","Diaz","Daizha","63","295.75","13","Subscribed"
"264","AA24270","Peterson","Ryan","44","201.17","8","Subscribed"
"265","AA08650","Jacobs","Marquis","32","191.37","24","Subscribed"
"266","AA03866","Scaman","Jia","65","202.34","3","Subscribed"
"267","AA31177","Pray","Manaara","69","214.25","13","Subscribed"
"268","AA00305","Headlee","Yaasmeena","62","178.2","16","Subscribed"
"269","AA08531","Santio","Austin","38","158.92","21","Subscribed"
"270","AA07323","al-Yousif","Robert","69","171.07","4","Subscribed"
"271","AA33473","Jefferson","Claudia","40","165.8","14","Subscribed"
"272","AA10589","Hickson","Bhewattie","37","138.01","17","Subscribed"
"273","AA06105","Zhou","Carlos","35","222.2","12","Subscribed"
"274","AA22070","Mcgee","Josephine","65","149.42","11","Subscribed"
"275","AA10354","Kozic","Austin","44","254.28","6","Subscribed"
"276","AA23848","Bergman","Julia","31","128.81","4","Subscribed"
"277","AA16012","Hursey","Jaylon","39","243.04","6","Subscribed"
"278","AA24345","Wheeler","Katherine","44","143.9","9","Subscribed"
"279","AA22004","Powers","Humberto","36","137.54","22","Subscribed"
"280","AA29583","Herrera-Lopez","Majdiyya","40","162.27","10","Subscribed"
"281","AA28314","al-Idris","Calvin","47","111.72","22","Subscribed"
"282","AA32119","Shipley","Patience","39","172.94","15","Subscribed"
"283","AA22922","Johnson","Mirissa","43","179.97","7","Subscribed"
"284","AA23046","Ngiateng","Danielle","36","218.1","7","Subscribed"
"285","AA04706","Diggins","Macallyson","63","145.34","10","Subscribed"
"286","AA18265","Ramamurthi","William","47","271.09","5","Subscribed"
"287","AA20629","Ross","Danielle","50","268.41","9","Subscribed"
"288","AA14735","Velazquez","Robert","45","69.58","11","Subscribed"
"289","AA16899","Tuytschaevers","Wendy","43","234.19","8","Subscribed"
"290","AA03627","Gonzales","Manuelito","49","278.76","11","Subscribed"
"291","AA03791","Strunk","Rylan","47","135.08","9","Subscribed"
"292","AA12030","Miller","Ashay","53","200.69","5","Subscribed"
"293","AA08455","Squalls","Coyote-Cache","56","268.82","7","Subscribed"
"294","AA10050","Layden","Timberly","43","94.48","18","Subscribed"
"295","AA26615","Ramirez","Montana","39","242.4","15","Subscribed"
"296","AA19411","Martinez","Hilaal","38","248.25","8","Subscribed"
"297","AA34826","Walker","Keirra","43","128.08","17","Subscribed"
"298","AA23443","Salido","Nevin","49","174.04","15","Subscribed"
"299","AA07600","Nguyen","Christian","36","131.86","11","Subscribed"
"300","AA30757","Brooks","Alexandra","54","264.9","21","Subscribed"
"301","AA05029","Doyle","Chase","43","247.92","8","Subscribed"
"302","AA06475","Broeren","Hishma","54","233.78","22","Subscribed"
"303","AA03445","Juarez","Augustine","43","153.05","12","Subscribed"
"304","AA28599","al-Mohiuddin","Sadoon","34","311.99","6","Subscribed"
"305","AA24641","Thomas","Benjamin","55","130.33","17","Subscribed"
"306","AA13318","Fields IV","Michael","53","108.77","20","Subscribed"
"307","AA17133","Rose","Jesse","58","189.34","7","Subscribed"
"308","AA18641","Rinhart","Kayla","46","139.87","11","Subscribed"
"309","AA14362","al-Younes","John","61","236.46","17","Subscribed"
"310","AA03471","Fernandez","David","56","105.43","12","Subscribed"
"311","AA20911","Mckinney","Mutammam","55","292.36","9","Subscribed"
"312","AA08969","Dotson","Maajid","55","217.67","15","Subscribed"
"313","AA31733","el-Latif","Aayaat","46","259.18","9","Subscribed"
"314","AA16481","el-Fares","Danika","45","173.37","17","Subscribed"
"315","AA15779","al-Can","Aleda","60","173.66","6","Subscribed"
"316","AA18000","Rayos","Dejon","60","231.93","6","Subscribed"
"317","AA11251","Bui","Margaret","52","259.35","8","Subscribed"
"318","AA03014","el-Jaber","Vi","52","126.73","3","Subscribed"
"319","AA30598","Arreola","Lee","41","211.41","13","Subscribed"
"320","AA13446","Carter","Andrew","37","255.67","4","Subscribed"
"321","AA12424","el-Tahir","Rei","57","200.08","6","Subscribed"
"322","AA13257","el-Zahra","Halie","44","198.52","19","Subscribed"
"323","AA28589","Sanchez","Sahar","60","256.97","15","Subscribed"
"324","AA16670","Andrew","Brianna","29","211.53","18","Subscribed"
"325","AA00674","Hernandez","Blake","46","144.88","9","Subscribed"
"326","AA30048","Martin","Zachary","52","144.63","18","Subscribed"
"327","AA20146","Jenkins","Faran","45","225.52","15","Subscribed"
"328","AA33184","Scott","Patricia","34","282.16","24","Subscribed"
"329","AA23223","Bernatsky","Rafael","41","220.78","1","Subscribed"
"330","AA27866","Cagle","Tyrel","51","189.34","7","Subscribed"
"331","AA22117","Cavitte-Spencer","Son","55","277.33","14","Subscribed"
"332","AA24933","Lopez","Christian","39","229.1","10","Subscribed"
"333","AA16897","Castro","Amanda","36","286.22","11","Subscribed"
"334","AA15261","Kennedy","Nhat Phuong","43","228.42","8","Subscribed"
"335","AA29545","Brassea","Lance","32","126.49","9","Subscribed"
"336","AA31782","al-Farran","Lexenton","58","191.85","18","Subscribed"
"337","AA05239","Puga","Amru","49","214.29","2","Subscribed"
"338","AA19168","el-Mowad","Alexious","38","182.68","4","Subscribed"
"339","AA21558","Fulcher","Anthony","41","211.76","9","Subscribed"
"340","AA16256","Espino","Elijah","48","180.92","16","Subscribed"
"341","AA06594","Sayavong","Marissa","41","225.83","11","Subscribed"
"342","AA03205","Debus","Christa","47","96.26","8","Subscribed"
"343","AA34959","Baker","Mardiyya","46","237.96","17","Subscribed"
"344","AA10442","al-Sader","Olivia","46","302.52","18","Subscribed"
"345","AA29501","Broze","Arjaylaan","48","155.24","7","Subscribed"
"346","AA04353","Dang","Eduardo","61","157.47","7","Subscribed"
"347","AA27931","al-Sabet","Brandon","44","100.95","17","Subscribed"
"348","AA09167","Baliga","Macallyson","52","289.14","19","Subscribed"
"349","AA07216","Otwell","Nikki","51","147.47","17","Subscribed"
"350","AA18446","Perkins","Mong","38","318.07","14","Subscribed"
"351","AA31251","Mills","Casey","47","219.4","12","Subscribed"
"352","AA04408","Tafoya","Thaamir","54","184.33","20","Subscribed"
"353","AA04925","Carter","Brandon","52","186.68","19","Subscribed"
"354","AA01492","al-Daoud","Mu'mina","58","262.67","10","Subscribed"
"355","AA15391","Zarate","Krishawnda","54","265.66","13","Subscribed"
"356","AA22989","al-Samara","Kaiela","52","248.5","22","Subscribed"
"357","AA29626","Chargualaf","Aiyana","32","240.28","11","Subscribed"
"358","AA06500","Velasque","Tamara","69","138.22","3","Subscribed"
"359","AA02395","Tiger","Kaylyn","42","133.7","6","Subscribed"
"360","AA33123","Pinkham","Muhjar","46","232.55","23","Subscribed"
"361","AA16959","Kang","Dylan","29","206.5","14","Subscribed"
"362","AA21784","Baumann","Samantha","33","230.1","18","Subscribed"
"363","AA13720","al-Rasul","Chandan","58","253.67","12","Subscribed"
"364","AA28406","Garrett","Larrisa","40","157.9","13","Subscribed"
"365","AA08318","Truong","Terrance","45","152.57","10","Subscribed"
"366","AA05898","Heslip-Johnson","Breanna","42","82.38","14","Subscribed"
"367","AA10486","Youdon","Everett","54","169.47","17","Subscribed"
"368","AA17608","Bennett","Jordan","56","183.63","18","Subscribed"
"369","AA28235","Tsuchiya","Carlee","41","238.2","12","Subscribed"
"370","AA14456","el-Sader","Shadhaa","59","187.12","11","Subscribed"
"371","AA16749","al-Basha","Erika","29","276.14","16","Subscribed"
"372","AA23315","Suriwong","My","65","177.08","7","Subscribed"
"373","AA34365","Jefferson Jr","Laura","45","199.04","4","Subscribed"
"374","AA17247","Neal","Ernie","61","241.95","16","Subscribed"
"375","AA28126","al-Sarah","Zachary","44","175.85","8","Subscribed"
"376","AA28992","Isais","Anthony","43","194.2","9","Subscribed"
"377","AA08324","Mahamud","Sarah","57","163.6","12","Subscribed"
"378","AA02037","Quintana","Grayson","35","169.24","2","Subscribed"
"379","AA12248","King","Savanah","25","162.03","11","Subscribed"
"380","AA22368","el-Moradi","Autumn","58","245.49","8","Subscribed"
"381","AA22426","Lang","Brett","64","221.53","5","Subscribed"
"382","AA32656","Flakes","Alexis","50","267.91","5","Subscribed"
"383","AA08501","Ball","Ilyaas","44","154.43","9","Subscribed"
"384","AA34475","Winter","Janett","57","153.4","7","Subscribed"
"385","AA03376","Palmer","Kabeera","52","134.08","13","Subscribed"
"386","AA07174","Sanford-Baker","Armani","34","250.35","8","Subscribed"
"387","AA12878","Faamausili","Kawkab","62","97.83","18","Subscribed"
"388","AA12043","Villegas","45","32","19700090","12","Subscribed"
"389","AA18251","Volk","Randy","39","163.7","11","Subscribed"
"390","AA18604","el-Kamal","Mufeed","43","156.74","1","Subscribed"
"391","AA30828","Sales","Bryan","59","191.81","7","Subscribed"
"392","AA20633","Andrade","Rianna","62","187.33","16","Subscribed"
"393","AA32614","Gill","Marcus","48","235.88","10","Subscribed"
"394","AA33778","Arellano","Tyler","78","170.35","13","Subscribed"
"395","AA24704","Wallace","Dominick","50","207.52","24","Subscribed"
"396","AA21860","al-Hatem","Jennifer","57","186.05","7","Subscribed"
"397","AA12361","Hall","James","43","264.4","7","Subscribed"
"398","AA05564","Carter","Makayla","63","78.18","23","Subscribed"
"399","AA05674","Laner","Bishr","30","143.63","6","Subscribed"
"400","AA19156","Lee","Nicholas","35","156.68","21","Subscribed"
"401","AA07052","el-Sader","Hannah","56","205.65","24","Subscribed"
"402","AA30583","al-Saade","Camron","42","252.04","4","Subscribed"
"403","AA11480","Dunaway","Sir'Renio","58","185.79","10","Subscribed"
"404","AA22539","Bennett","Farhat","42","253.08","14","Subscribed"
"405","AA04399","Simpson","Austyn","43","130.72","8","Subscribed"
"406","AA20155","Langston","Michael","65","190.74","14","Subscribed"
"407","AA08298","Powers","Samantha","52","49.64","23","Subscribed"
"408","AA04462","Jones","Marcello","59","193.59","14","Subscribed"
"409","AA30073","Liu","Libby","46","195.51","11","Subscribed"
"410","AA11927","el-Jama","Shaylene","57","141.09","13","Subscribed"
"411","AA33615","Chintala","Ariyya","55","139.21","8","Subscribed"
"412","AA22091","Zamora","Chane","55","222.42","4","Subscribed"
"413","AA31959","al-Rassi","Scott","50","212.87","2","Subscribed"
"414","AA16479","al-Zaman","Melissa","52","176.2","12","Subscribed"
"415","AA09913","Norton","Grace","66","242.54","16","Subscribed"
"416","AA07519","Wilson","Kulthum","43","220.96","21","Subscribed"
"417","AA02792","James","Scott","54","90.94","3","Subscribed"
"418","AA27120","Faulhaber","Sung Won","45","145.38","10","Subscribed"
"419","AA15836","Spinder","Charles","42","238.18","18","Subscribed"
"420","AA12511","Hites","Anthony","46","68.44","12","Subscribed"
"421","AA30253","el-Shad","Jahangeer","54","172.16","5","Subscribed"
"422","AA26366","Martinez","Vincent","46","264.59","16","Subscribed"
"423","AA28051","Jones","Deliah","58","175.55","4","Subscribed"
"424","AA16632","Engineer","Haani","59","229.22","22","Subscribed"
"425","AA12755","Perez","Maahir","47","205.99","3","Subscribed"
"426","AA15626","Lathrop","Kayla","61","149.12","10","Subscribed"
"427","AA18752","Matheson","Bintou","57","189.49","7","Subscribed"
"428","AA24431","Cox","Micholette","58","218.31","24","Subscribed"
"429","AA31527","Branch","Lee","41","203.38","16","Subscribed"
"430","AA13172","Watson","Austin","39","248.96","10","Subscribed"
"431","AA04732","Delleney","Evelyn","49","151.57","3","Subscribed"
"432","AA26449","Powells","Desiree","44","219.81","15","Subscribed"
"433","AA03107","Bridges","Christen","36","189.91","18","Subscribed"
"434","AA05836","Quezada","Noemi","56","310.76","10","Subscribed"
"435","AA17052","al-Kassem","Benjamin","69","179.29","1","Subscribed"
"436","AA30382","Ross","Beteal","42","206.8","8","Subscribed"
"437","AA06397","Baak","Daniel","44","162.53","18","Subscribed"
"438","AA17500","Ambrose","Christian","44","252.38","11","Subscribed"
"439","AA01507","al-Mourad","Mu,Aawiya","65","186.94","9","Subscribed"
"440","AA12188","Xiong","Jo-El","52","188.27","10","Subscribed"
"441","AA05164","Nunez","Vansh","40","197.87","7","Subscribed"
"442","AA32534","Knox","Santana","38","157.18","15","Subscribed"
"443","AA08481","el-Rehmann","Sonia","31","247.01","20","Subscribed"
"444","AA18017","Umu","Annalise","60","134.97","12","Subscribed"
"445","AA18396","el-Rafiq","Ross","54","176.51","24","Subscribed"
"446","AA33383","Lobo","Safar","57","215.83","22","Subscribed"
"447","AA15320","el-Bashir","Donte","48","189.93","24","Subscribed"
"448","AA08008","Kaur","Mu'hsina","49","223.1","20","Subscribed"
"449","AA22174","Coffman","Kaylin","40","270.57","17","Subscribed"
"450","AA25734","Lund","Sydney","41","208.26","7","Subscribed"
"451","AA34191","Acosta","Edward","48","131.75","12","Subscribed"
"452","AA24519","Forney","Jacob","50","210.04","6","Subscribed"
"453","AA15111","Woolfolk","Brian","51","171.2","3","Subscribed"
"454","AA22566","Yang","Brandon","58","137.74","20","Subscribed"
"455","AA10218","el-Mirza","Alexis","45","128.71","21","Subscribed"
"456","AA00386","el-Majeed","Selena","56","185.16","4","Subscribed"
"457","AA00849","Digby","Tierra","46","194.48","8","Subscribed"
"458","AA04752","Gordon","Randall","40","227.51","8","Subscribed"
"459","AA04965","Terrazas","Elijah","49","190.98","17","Subscribed"
"460","AA12162","Ketchum","Jawhar","43","148.2","23","Subscribed"
"461","AA25895","Rea","Shubheksha","63","149.03","5","Subscribed"
"462","AA12842","Morgan","Renee","61","233.92","15","Subscribed"
"463","AA24503","Gutierrez","Dylan","46","166.68","12","Subscribed"
"464","AA19701","Buehler","Brian","60","186.02","7","Subscribed"
"465","AA30255","al-Attar","Cameron","41","213.12","17","Subscribed"
"466","AA07448","Youngblood","Sean Paul","52","181.62","18","Subscribed"
"467","AA24211","Rodriguez","Danielle","41","163.06","24","Subscribed"
"468","AA31346","Hughes","Davy","53","225.48","9","Subscribed"
"469","AA07796","Rebello","Michael","51","254.59","10","Subscribed"
"470","AA04956","Grimes","Sarai","54","186.12","4","Subscribed"
"471","AA20901","Conrad","Valerye","24","236.63","23","Subscribed"
"472","AA23289","Pan","Talha","45","258.89","3","Subscribed"
"473","AA12012","Castro","Shafee'a","26","135.59","10","Subscribed"
"474","AA07595","Debaca","Casey","36","117.19","4","Subscribed"
"475","AA25622","Diaz","Tara","28","94.61","17","Subscribed"
"476","AA25042","Medina","Devin","29","102.53","7","Subscribed"
"477","AA10859","Shumock","Mahboob","39","235.17","23","Subscribed"
"478","AA14593","Lozano Melendez","Alana","41","150.78","15","Subscribed"
"479","AA14412","el-Badie","Anastasia","54","256.34","14","Subscribed"
"480","AA05788","Snedden","Katherine","48","164.76","24","Subscribed"
"481","AA06875","Herrera","Alysse","60","185.31","9","Subscribed"
"482","AA15906","Martinez Gardea","Sarah","50","116.33","7","Subscribed"
"483","AA18638","Veit","Husain","68","277.78","6","Subscribed"
"484","AA24201","Gonzales","Aisha","65","102.67","16","Subscribed"
"485","AA20927","Rin","Jacob","44","123.58","22","Subscribed"
"486","AA11508","Uribe","Thanh","51","213.63","10","Subscribed"
"487","AA23780","Weber","Matthew","20","154.63","10","Subscribed"
"488","AA33389","Garcia","Jennifer","62","158.07","9","Subscribed"
"489","AA24185","el-Greiss","Rachel","39","140.42","7","Subscribed"
"490","AA01467","Kaoudis","Sad","50","192.06","17","Subscribed"
"491","AA26778","Vargas","Sabri","44","241.19","14","Subscribed"
"492","AA10279","Jackson","Maggie","45","178.44","13","Subscribed"
"493","AA33709","Flinn","Amy","50","179.46","5","Subscribed"
"494","AA03074","Bersagel","Zakiyya","52","189.13","13","Subscribed"
"495","AA27923","Archambault","Emily","43","190.37","24","Subscribed"
"496","AA03405","Parino","Sakeena","55","247.16","16","Subscribed"
"497","AA09021","Busby","Sean","41","161.19","10","Subscribed"
"498","AA12016","Martinez","Saad","57","168.38","9","Subscribed"
"499","AA33565","Santee","Alycia","29","243.72","11","Subscribed"
"500","AA08085","Smith","Dylan","44","154.35","22","Subscribed"
